base_form,dict_id,eogan,pos,conjugation,usage,grade
가까워지다,,가까워지,동사,규,,B
가깝다,,가깝,형용사,ㅂ,,A
가꾸다,,가꾸,동사,규,,B
가난하다,,가난하,형용사,여,,B
가늘다,,가늘,형용사,ㄹ,,B
가능하다,,가능하,형용사,여,可能-,B
가능해지다,,가능해지,동사,규,可能-,C
가다,01,가,동사,규,,A
가득하다,01,가득하,형용사,여,,B
가라앉다,,가라앉,동사,규,,C
가려지다,,가려지,동사,규,,C
가로막다,,가로막,동사,규,,C
가르다,,가르,동사,르,,C
가르치다,01,가르치,동사,규,,A
가리다,02,가리,동사,규,시야를 ~,B
가리다,03,가리,동사,규,시비를 ~,B
가리키다,01,가리키,동사,규,,B
가만있다,,가만있,동사,규,,C
가볍다,,가볍,형용사,ㅂ,,A
가입하다,,가입하,동사,여,加入-,C
가져가다,,가져가,동사,규,,B
가져다주다,,가져다주,동사,규,,B
가져오다,,가져오,동사,규,,A
가지다,,가지,동사,규,,A
가하다,01,가하,동사,여,加-,C
간단하다,02,간단하,형용사,여,簡單-,B
간편하다,,간편하,형용사,여,簡便-,C
갇히다,,갇히,동사,규,,C
갈다,01,갈,동사,ㄹ,바꾸다,B
갈다,02,갈,동사,ㄹ,문지르다,B
갈아입다,,갈아입,동사,규,,B
갈아타다,,갈아타,동사,규,,B
감다,01,감,동사,규,눈을 ~,B
감다,03,감,동사,규,실을 ~,C
감사하다,05,감사하,형용사,여,感謝-,A
감사하다,05,감사하,동사,여,感謝-,A
감상하다,04,감상하,동사,여,鑑賞-,B
감소되다,,감소되,동사,규,減少-,C
감소하다,,감소하,동사,여,減少-,C
감싸다,,감싸,동사,규,,C
감추다,,감추,동사,규,,C
갑작스럽다,,갑작스럽,형용사,ㅂ,,C
값싸다,,값싸,형용사,규,,C
강력하다,,강력하,형용사,여,强力-,C
강렬하다,02,강렬하,형용사,여,强烈-,C
강요하다,,강요하,동사,여,强要-,C
강의하다,02,강의하,동사,여,講義-,C
강조하다,,강조하,동사,여,强調-,B
강하다,02,강하,형용사,여,强-,B
강화하다,02,강화하,동사,여,强化-,C
갖다,01,갖,동사,규,가지다,B
갖추다,,갖추,동사,규,,C
같다,,같,형용사,규,,A
같이하다,,같이하,동사,여,,C
갚다,,갚,동사,규,,C
개다,01,개,동사,규,날이 ~,C
개발되다,,개발되,동사,규,開發-,C
개발하다,,개발하,동사,여,開發-,B
개방되다,,개방되,동사,규,開放-,C
개방하다,03,개방하,동사,여,開放-,C
개선되다,01,개선되,동사,규,改善-,C
개선하다,01,개선하,동사,여,改善-,C
거대하다,,거대하,형용사,여,巨大-,C
거두다,,거두,동사,규,,C
거들다,01,거들,동사,ㄹ,,C
거부하다,,거부하,동사,여,拒否-,C
거절하다,01,거절하,동사,여,拒絶-,C
거치다,01,거치,동사,규,,C
거칠다,,거칠,형용사,ㄹ,,C
걱정되다,,걱정되,동사,규,,B
걱정스럽다,,걱정스럽,형용사,ㅂ,,B
걱정하다,,걱정하,동사,여,,A
건강하다,02,건강하,형용사,여,健康-,A
건너가다,,건너가,동사,규,,B
건너다,,건너,동사,규,,B
건너오다,,건너오,동사,규,,B
건네다,,건네,동사,규,,C
건네주다,,건네주,동사,규,,C
건드리다,,건드리,동사,규,,C
건설되다,,건설되,동사,규,建設-,C
건설하다,,건설하,동사,여,建設-,C
건전하다,,건전하,형용사,여,健全-,C
건조하다,02,건조하,형용사,여,乾燥-,C
건지다,,건지,동사,규,,B
걷다,02,걷,동사,ㄷ,느릿느릿 ~,A
걷다,03,걷,동사,규,소매를 ~,C
걷다,04,걷,동사,규,빨래를 ~,C
걸다,02,걸,동사,ㄹ,옷을 ~,A
걸리다,01,걸리,동사,규,'걸다'의 피동사,B
걸어가다,,걸어가,동사,규,,A
걸어오다,01,걸어오,동사,규,집까지 ~,A
걸치다,,걸치,동사,규,,C
검다,02,검,형용사,규,색깔이 ~,B
겁나다,02,겁나,동사,규,怯-,C
게으르다,,게으르,형용사,르,,C
겪다,,겪,동사,규,,C
견디다,,견디,동사,규,,B
결석하다,,결석하,동사,여,缺席-,C
결심하다,01,결심하,동사,여,決心-,B
결정되다,01,결정되,동사,규,決定-,B
결정하다,01,결정하,동사,여,決定-,B
결혼하다,,결혼하,동사,여,結婚-,A
경고하다,02,경고하,동사,여,警告-,C
경영하다,01,경영하,동사,여,經營-,C
경험하다,,경험하,동사,여,經驗-,B
계산하다,,계산하,동사,여,計算-,B
계속되다,02,계속되,동사,규,繼續-,B
계속하다,03,계속하,동사,여,繼續-,B
계시다,,계시,동사,규,,A
계획하다,01,계획하,동사,여,計劃-,B
고급스럽다,,고급스럽,형용사,ㅂ,高級-,C
고려하다,01,고려하,동사,여,考慮-,B
고르다,01,고르,동사,르,뽑다,B
고르다,03,고르,형용사,르,차이가 없다,B
고맙다,01,고맙,형용사,ㅂ,,A
고민하다,,고민하,동사,여,苦悶-,B
고생하다,,고생하,동사,여,苦生-,B
고소하다,01,고소하,형용사,여,맛이 ~,C
고요하다,,고요하,형용사,여,,C
고집하다,,고집하,동사,여,固執-,C
고치다,01,고치,동사,규,,B
고통스럽다,,고통스럽,형용사,ㅂ,苦痛-,C
고프다,,고프,형용사,으,,A
곤란하다,,곤란하,형용사,여,困難-,C
곧다,01,곧,형용사,규,,C
곱다,02,곱,형용사,ㅂ,아름답다,B
공개하다,,공개하,동사,여,公開-,C
공격하다,,공격하,동사,여,攻擊-,C
공부하다,,공부하,동사,여,工夫-,A
공연되다,,공연되,동사,규,公演-,C
공연하다,02,공연하,동사,여,公演-,C
공통되다,,공통되,동사,규,共通-,C
관계되다,,관계되,동사,규,關係-,C
관련되다,,관련되,동사,규,關聯-,B
관련하다,,관련하,동사,여,關聯-,B
관리하다,,관리하,동사,여,管理-,C
관찰하다,,관찰하,동사,여,觀察-,B
관하다,02,관하,동사,여,關-,B
괜찮다,,괜찮,형용사,규,,A
괴로워하다,,괴로워하,동사,여,,C
괴롭다,,괴롭,형용사,ㅂ,,B
괴롭히다,,괴롭히,동사,규,,C
굉장하다,,굉장하,형용사,여,宏壯-,C
교환하다,01,교환하,동사,여,交換-,C
구경하다,,구경하,동사,여,,B
구르다,01,구르,동사,르,바위가 ~,C
구별되다,,구별되,동사,규,區別-,C
구별하다,,구별하,동사,여,區別-,C
구분되다,,구분되,동사,규,區分-,C
구분하다,03,구분하,동사,여,區分-,C
구성되다,,구성되,동사,규,構成-,C
구성하다,,구성하,동사,여,構成-,C
구속되다,,구속되,동사,규,拘束-,C
구속하다,01,구속하,동사,여,拘束-,C
구입하다,03,구입하,동사,여,購入-,C
구하다,01,구하,동사,여,求-,B
구하다,03,구하,동사,여,救-,B
굳다,,굳,형용사,규,,C
굳어지다,,굳어지,동사,규,,C
굳히다,,굳히,동사,규,,C
굵다,,굵,형용사,규,,B
굶다,,굶,동사,규,,C
굽다,01,굽,동사,ㅂ,익히다,B
굽히다,,굽히,동사,규,,C
궁금하다,01,궁금하,형용사,여,,B
권하다,,권하,동사,여,勸-,B
귀가하다,01,귀가하,동사,여,歸家-,C
귀국하다,,귀국하,동사,여,歸國-,B
귀엽다,,귀엽,형용사,ㅂ,,B
귀중하다,01,귀중하,형용사,여,貴重-,C
귀찮다,,귀찮,형용사,규,,C
귀하다,,귀하,형용사,여,貴-,C
그러다,,그러,동사,규,,C
그러하다,,그러하,형용사,여,,B
그럴듯하다,,그럴듯하,형용사,여,,C
그렇다,,그렇,형용사,ㅎ,,A
그려지다,,그려지,동사,규,,B
그리다,02,그리,동사,규,그림을 ~,A
그리워하다,,그리워하,동사,여,,C
그립다,,그립,형용사,ㅂ,,B
그만두다,,그만두,동사,규,,B
그만하다,,그만하,형용사,여,,B
그치다,,그치,동사,규,,B
극복하다,01,극복하,동사,여,克服-,C
근거하다,,근거하,동사,여,根據-,C
근무하다,,근무하,동사,여,勤務-,B
긁다,,긁,동사,규,,C
금지되다,,금지되,동사,규,禁止-,C
금지하다,,금지하,동사,여,禁止-,B
금하다,02,금하,동사,여,禁-,C
급증하다,,급증하,동사,여,急增-,C
급하다,,급하,형용사,여,急-,B
긋다,01,긋,동사,ㅅ,금을 ~,C
기념하다,,기념하,동사,여,記念-,C
기다,01,기,동사,규,,C
기다리다,,기다리,동사,규,,A
기대다,01,기대,동사,규,의지하다,C
기대되다,,기대되,동사,규,期待-,C
기대하다,,기대하,동사,여,期待-,B
기도하다,02,기도하,동사,여,祈禱-,C
기록되다,,기록되,동사,규,記錄-,C
기록하다,,기록하,동사,여,記錄-,B
기르다,,기르,동사,르,,B
기막히다,,기막히,형용사,규,氣-,C
기뻐하다,,기뻐하,동사,여,,B
기쁘다,,기쁘,형용사,으,,B
기술하다,01,기술하,동사,여,記述-,C
기억나다,,기억나,동사,규,記憶-,B
기억되다,,기억되,동사,규,記憶-,C
기억하다,02,기억하,동사,여,記憶-,B
기여하다,,기여하,동사,여,寄與-,C
기울다,,기울,동사,ㄹ,,C
기울이다,,기울이,동사,규,,C
기초하다,03,기초하,동사,여,基礎-,C
긴장되다,,긴장되,동사,규,緊張-,C
긴장하다,,긴장하,동사,여,緊張-,B
길다,02,길,형용사,ㄹ,밤이 ~,A
길어지다,,길어지,동사,규,,C
깊다,,깊,형용사,규,,B
까다,01,까,동사,규,마늘을 ~,C
까맣다,,까맣,형용사,ㅎ,,B
까먹다,,까먹,동사,규,,C
깎다,,깎,동사,규,,A
깔끔하다,,깔끔하,형용사,여,,C
깔다,,깔,동사,ㄹ,,C
깔리다,01,깔리,동사,규,,C
깨끗하다,,깨끗하,형용사,여,,A
깨끗해지다,,깨끗해지,동사,규,,C
깨다,01,깨,동사,규,술이 ~,B
깨다,02,깨,동사,규,그릇을 ~,B
깨닫다,,깨닫,동사,ㄷ,,C
깨뜨리다,,깨뜨리,동사,규,,C
깨어나다,,깨어나,동사,규,,C
깨어지다,,깨어지,동사,규,,C
깨우다,01,깨우,동사,규,,C
깨지다,,깨지,동사,규,깨어지다,B
꺼내다,,꺼내,동사,규,,B
꺼지다,01,꺼지,동사,규,불이 ~,B
꺾다,,꺾,동사,규,,C
꼼꼼하다,,꼼꼼하,형용사,여,,C
꼽히다,01,꼽히,동사,규,,C
꽂다,,꽂,동사,규,,C
꾸다,01,꾸,동사,규,꿈을 ~,B
꾸다,02,꾸,동사,규,돈을 ~,C
꾸리다,01,꾸리,동사,규,,C
꾸미다,,꾸미,동사,규,,B
꾸준하다,,꾸준하,형용사,여,,C
꿈꾸다,,꿈꾸,동사,규,,B
끄다,01,끄,동사,으,불을 ~,A
끄덕이다,,끄덕이,동사,규,,B
끊기다,,끊기,동사,규,,C
끊다,,끊,동사,규,,B
끊어지다,,끊어지,동사,규,,B
끊임없다,,끊임없,형용사,규,,C
끌다,,끌,동사,ㄹ,,B
끌리다,,끌리,동사,규,,C
끌어당기다,,끌어당기,동사,규,,C
끓다,,끓,동사,규,,B
끓이다,01,끓이,동사,규,,B
끝나다,,끝나,동사,규,,A
끝내다,,끝내,동사,규,,A
끝없다,,끝없,형용사,규,,C
끼다,02,끼,동사,규,구름이 ~,B
끼다,03,끼,동사,규,끼우다,B
끼어들다,,끼어들,동사,ㄹ,,C
끼우다,01,끼우,동사,규,,C
나가다,,나가,동사,규,,A
나누다,,나누,동사,규,,B
나누어지다,,나누어지,동사,규,,C
나뉘다,,나뉘,동사,규,,C
나다,01,나,동사,규,,A
나르다,01,나르,동사,르,,C
나빠지다,,나빠지,동사,규,,B
나쁘다,01,나쁘,형용사,으,,A
나서다,,나서,동사,규,,B
나아가다,,나아가,동사,규,,C
나아지다,,나아지,동사,규,,C
나오다,,나오,동사,규,,A
나타나다,,나타나,동사,규,,B
나타내다,,나타내,동사,규,,B
날다,01,날,동사,ㄹ,,A
날리다,02,날리,동사,규,'날다'의 사동사,C
날아가다,,날아가,동사,규,,B
날아다니다,,날아다니,동사,규,,C
날아오다,,날아오,동사,규,,B
날카롭다,,날카롭,형용사,ㅂ,,C
낡다,01,낡,형용사,규,,B
남기다,,남기,동사,규,,B
남다,01,남,동사,규,,B
납득하다,,납득하,동사,여,納得-,C
낫다,01,낫,동사,ㅅ,병이 ~,B
낫다,02,낫,형용사,ㅅ,더 좋다,B
낮다,,낮,형용사,규,,A
낮아지다,,낮아지,동사,규,,C
낮추다,,낮추,동사,규,,C
낯설다,,낯설,형용사,ㄹ,,B
낳다,01,낳,동사,규,,B
내놓다,,내놓,동사,규,,B
내다,02,내,동사,규,길을 ~,A
내다보다,,내다보,동사,규,,C
내려가다,,내려가,동사,규,,A
내려놓다,,내려놓,동사,규,,B
내려다보다,,내려다보,동사,규,,B
내려오다,,내려오,동사,규,,A
내려지다,,내려지,동사,규,,C
내리다,01,내리,동사,규,눈이 ~,A
내밀다,,내밀,동사,ㄹ,,B
내버리다,,내버리,동사,규,,C
내보내다,,내보내,동사,규,,C
내쉬다,,내쉬,동사,규,,C
내주다,,내주,동사,규,,C
넉넉하다,,넉넉하,형용사,여,,C
넓다,,넓,형용사,규,,A
넓어지다,,넓어지,동사,규,,B
넓히다,,넓히,동사,규,,B
넘겨주다,,넘겨주,동사,규,,C
넘기다,,넘기,동사,규,,C
넘다,01,넘,동사,규,,B
넘어가다,01,넘어가,동사,규,,B
넘어뜨리다,,넘어뜨리,동사,규,,C
넘어서다,,넘어서,동사,규,,B
넘어오다,,넘어오,동사,규,,C
넘어지다,,넘어지,동사,규,,B
넘치다,,넘치,동사,규,,B
넣다,,넣,동사,규,,A
노랗다,,노랗,형용사,ㅎ,,B
노래하다,,노래하,동사,여,,A
노력하다,01,노력하,동사,여,努力-,B
녹다,01,녹,동사,규,,C
녹음하다,,녹음하,동사,여,錄音-,B
녹이다,,녹이,동사,규,,C
논의하다,,논의하,동사,여,論議-,B
논하다,,논하,동사,여,論-,C
놀다,01,놀,동사,ㄹ,,A
놀라다,,놀라,동사,규,,A
놀랍다,,놀랍,형용사,ㅂ,,B
놀리다,01,놀리,동사,규,흉을 보다,C
농사짓다,,농사짓,동사,ㅅ,農事-,C
높다,,높,형용사,규,,A
높아지다,,높아지,동사,규,,B
높이다,,높이,동사,규,,B
놓다,01,놓,동사,규,,A
놓아두다,,놓아두,동사,규,,C
놓이다,,놓이,동사,규,,B
놓치다,,놓치,동사,규,,B
놔두다,,놔두,동사,규,놓아두다,C
누르다,01,누르,동사,르,힘을 가하다,B
눈감다,,눈감,동사,규,,C
눈뜨다,,눈뜨,동사,으,,C
눈부시다,,눈부시,형용사,규,,C
눕다,01,눕,동사,ㅂ,,B
느껴지다,,느껴지,동사,규,,B
느끼다,02,느끼,동사,규,추위를 ~,B
느리다,01,느리,형용사,규,,B
늘다,01,늘,동사,ㄹ,,B
늘리다,,늘리,동사,규,,B
늘어나다,,늘어나,동사,규,,B
늘어놓다,,늘어놓,동사,규,,C
늘어서다,,늘어서,동사,규,,C
늘어지다,,늘어지,동사,규,,C
늙다,,늙,동사,규,,B
늦다,,늦,동사,규,,A
늦다,,늦,형용사,규,,A
늦어지다,,늦어지,동사,규,,C
다가가다,,다가가,동사,규,,B
다가서다,,다가서,동사,규,,C
다가오다,,다가오,동사,규,,B
다녀가다,,다녀가,동사,규,,B
다녀오다,,다녀오,동사,규,,A
다니다,,다니,동사,규,,A
다듬다,,다듬,동사,규,,C
다루다,01,다루,동사,규,,C
다르다,01,다르,형용사,르,,A
다름없다,,다름없,형용사,규,,C
다양하다,01,다양하,형용사,여,多樣-,B
다양해지다,,다양해지,동사,규,多樣-,C
다정하다,,다정하,형용사,여,多情-,C
다지다,,다지,동사,규,,C
다짐하다,,다짐하,동사,여,,C
다치다,01,다치,동사,규,,B
다투다,,다투,동사,규,,C
다하다,,다하,동사,여,,B
닥치다,01,닥치,동사,규,다다르다,C
닦다,01,닦,동사,규,,A
단단하다,,단단하,형용사,여,,C
단순하다,,단순하,형용사,여,單純-,B
닫다,02,닫,동사,규,,A
닫히다,,닫히,동사,규,,B
달다,03,달,동사,ㄹ,단추를 ~,B
달다,04,달,동사,ㄹ,무게를 ~,C
달다,05,달,동사,ㄹ,돈을 다오,B
달다,07,달,형용사,ㄹ,맛,A
달라지다,,달라지,동사,규,,B
달래다,01,달래,동사,규,,C
달려가다,,달려가,동사,규,,B
달려들다,,달려들,동사,ㄹ,,C
달려오다,,달려오,동사,규,,B
달리다,01,달리,동사,규,문에 종이 ~,B
달리다,04,달리,동사,규,말을 ~,B
달리하다,01,달리하,동사,여,,C
달아나다,,달아나,동사,규,,B
닮다,,닮,동사,규,,B
담그다,,담그,동사,으,,B
담기다,01,담기,동사,규,담다,B
담다,01,담,동사,규,넣다,B
담당하다,,담당하,동사,여,擔當-,B
답답하다,,답답하,형용사,여,,B
답하다,,답하,동사,여,答-,B
당기다,01,당기,동사,규,,B
당당하다,,당당하,형용사,여,堂堂-,C
당연하다,01,당연하,형용사,여,當然-,B
당하다,01,당하,동사,여,當-,C
당황하다,,당황하,동사,여,唐慌-,B
닿다,01,닿,동사,규,,B
대기하다,04,대기하,동사,여,待機-,C
대다,01,대,동사,규,귀에 ~,C
대단하다,,대단하,형용사,여,,B
대답하다,,대답하,동사,여,對答-,A
대비하다,04,대비하,동사,여,對備-,C
대신하다,,대신하,동사,여,代身-,C
대응하다,,대응하,동사,여,對應-,C
대접하다,,대접하,동사,여,待接-,C
대처하다,02,대처하,동사,여,對處-,C
대표하다,,대표하,동사,여,代表-,C
대하다,02,대하,동사,여,對-,B
대화하다,02,대화하,동사,여,對話-,B
더러워지다,,더러워지,동사,규,,C
더럽다,,더럽,형용사,ㅂ,,B
더불다,,더불,동사,ㄹ,,C
더하다,,더하,동사,여,,B
던지다,,던지,동사,규,,B
덜다,01,덜,동사,ㄹ,,C
덥다,01,덥,형용사,ㅂ,,A
덧붙이다,,덧붙이,동사,규,,C
덮다,,덮,동사,규,,B
덮이다,,덮이,동사,규,,C
데려가다,,데려가,동사,규,,B
데려오다,,데려오,동사,규,,B
데리다,,데리,동사,규,,B
데우다,01,데우,동사,규,,C
도달하다,01,도달하,동사,여,到達-,C
도망가다,,도망가,동사,규,逃亡-,B
도망치다,,도망치,동사,규,逃亡-,C
도와주다,,도와주,동사,규,,A
도착하다,01,도착하,동사,여,到着-,A
독립하다,,독립하,동사,여,獨立-,C
독특하다,,독특하,형용사,여,獨特-,C
독하다,,독하,형용사,여,毒-,C
돌다,,돌,동사,ㄹ,,B
돌려주다,,돌려주,동사,규,,B
돌리다,04,돌리,동사,규,팽이를 ~,B
돌보다,,돌보,동사,규,,B
돌아가다,,돌아가,동사,규,,A
돌아다니다,,돌아다니,동사,규,,C
돌아보다,,돌아보,동사,규,,B
돌아서다,,돌아서,동사,규,,B
돌아오다,,돌아오,동사,규,,A
돕다,,돕,동사,ㅂ,,A
동그랗다,,동그랗,형용사,ㅎ,,C
동의하다,01,동의하,동사,여,同意-,C
동일하다,,동일하,형용사,여,同一-,C
되다,01,되,동사,규,어른이 ~,A
되돌리다,,되돌리,동사,규,,C
되돌아가다,,되돌아가,동사,규,,C
되돌아보다,,되돌아보,동사,규,,C
되돌아오다,,되돌아오,동사,규,,C
되살리다,,되살리,동사,규,,C
되찾다,,되찾,동사,규,,C
되풀이되다,,되풀이되,동사,규,,C
되풀이하다,01,되풀이하,동사,여,,C
두껍다,,두껍,형용사,ㅂ,,B
두다,01,두,동사,규,,B
두드러지다,,두드러지,형용사,규,,C
두드리다,,두드리,동사,규,,B
두려워하다,,두려워하,동사,여,,C
두렵다,01,두렵,형용사,ㅂ,,C
두르다,,두르,동사,르,,C
두리번거리다,,두리번거리,동사,규,,C
둘러보다,,둘러보,동사,규,,B
둘러싸다,,둘러싸,동사,규,,C
둘러싸이다,,둘러싸이,동사,규,,C
둥글다,01,둥글,형용사,ㄹ,,B
뒤늦다,,뒤늦,형용사,규,,C
뒤따르다,,뒤따르,동사,규,,C
뒤지다,02,뒤지,동사,규,가방을 ~,C
뒤집다,,뒤집,동사,규,,B
드러나다,,드러나,동사,규,,C
드리다,01,드리,동사,규,인사를 ~,A
드물다,,드물,형용사,ㄹ,,C
듣다,01,듣,동사,ㄷ,소리를 ~,A
들다,01,들,동사,ㄹ,여관에 ~,A
들다,04,들,동사,ㄹ,꽃을 ~,A
들려오다,,들려오,동사,규,,B
들려주다,,들려주,동사,규,,B
들르다,,들르,동사,르,,B
들리다,03,들리,동사,규,소리가 ~,B
들어가다,01,들어가,동사,규,,A
들어서다,,들어서,동사,규,,B
들어오다,,들어오,동사,규,,A
들어주다,,들어주,동사,규,,C
들여놓다,,들여놓,동사,규,,C
들여다보다,,들여다보,동사,규,,B
들이다,02,들이,동사,규,'들다'의 사동사,C
들이마시다,02,들이마시,동사,규,숨을 ~,C
들이켜다,01,들이켜,동사,규,,C
등록하다,01,등록하,동사,여,登錄-,C
등장하다,01,등장하,동사,여,登場-,C
따다,01,따,동사,규,떼다,B
따뜻하다,,따뜻하,형용사,여,,A
따라가다,,따라가,동사,규,,B
따라다니다,,따라다니,동사,규,,C
따라오다,,따라오,동사,규,,B
따르다,01,따르,동사,규,뒤를 ~,B
따르다,02,따르,동사,규,물을 ~,B
따스하다,,따스하,형용사,여,,C
딱딱하다,01,딱딱하,형용사,여,굳다,C
때리다,01,때리,동사,규,,C
떠나가다,,떠나가,동사,규,,C
떠나다,,떠나,동사,규,,A
떠나오다,,떠나오,동사,규,,C
떠들다,01,떠들,동사,ㄹ,말하다,B
떠들썩하다,02,떠들썩하,형용사,여,떠들다,C
떠오르다,,떠오르,동사,르,,B
떠올리다,,떠올리,동사,규,,B
떨다,01,떨,동사,ㄹ,,B
떨리다,01,떨리,동사,규,흔들리다,B
떨어뜨리다,,떨어뜨리,동사,규,,B
떨어지다,,떨어지,동사,규,,B
떼다,01,떼,동사,규,,B
똑같다,,똑같,형용사,규,,A
똑똑하다,,똑똑하,형용사,여,,B
뚫다,,뚫,동사,규,,C
뚱뚱하다,,뚱뚱하,형용사,여,,B
뛰놀다,,뛰놀,동사,ㄹ,,C
뛰다,01,뛰,동사,규,심장이 ~,A
뛰다,02,뛰,동사,규,빨리 나아가다,A
뛰어가다,,뛰어가,동사,규,,C
뛰어나가다,,뛰어나가,동사,규,,B
뛰어나다,,뛰어나,형용사,규,,C
뛰어나오다,,뛰어나오,동사,규,,C
뛰어내리다,,뛰어내리,동사,규,,C
뛰어넘다,,뛰어넘,동사,규,,C
뛰어놀다,,뛰어놀,동사,ㄹ,,C
뛰어다니다,,뛰어다니,동사,규,,B
뛰어들다,,뛰어들,동사,ㄹ,,B
뛰어오다,,뛰어오,동사,규,,B
뛰어오르다,,뛰어오르,동사,르,,C
뜨겁다,,뜨겁,형용사,ㅂ,,A
뜨다,01,뜨,동사,으,솟아오르다,B
뜨다,03,뜨,동사,으,떠나다,C
뜨다,05,뜨,동사,으,눈을 ~,B
뜯다,,뜯,동사,규,,C
뜻하다,,뜻하,동사,여,,C
띄다,01,띄,동사,규,눈에 ~,C
띄우다,02,띄우,동사,규,배를 ~,C
마땅하다,,마땅하,형용사,여,,C
마련되다,,마련되,동사,규,,B
마련하다,,마련하,동사,여,,B
마르다,01,마르,동사,르,,B
마시다,,마시,동사,규,,A
마음먹다,,마음먹,동사,규,,C
마주치다,,마주치,동사,규,,C
마치다,02,마치,동사,규,,B
막다,01,막,동사,규,,B
막히다,,막히,동사,규,,B
만나다,,만나,동사,규,,A
만들다,,만들,동사,ㄹ,,A
만들어지다,,만들어지,동사,규,,B
만만하다,01,만만하,형용사,여,대적할 만함,C
만족스럽다,,만족스럽,형용사,ㅂ,滿足-,C
만족하다,,만족하,동사,여,滿足-,B
만족하다,,만족하,형용사,여,滿足-,B
만지다,,만지,동사,규,,B
많다,,많,형용사,규,,A
많아지다,,많아지,동사,규,,B
말다,01,말,동사,ㄹ,감다,C
말다,03,말,동사,ㄹ,그만두다,A
말리다,02,말리,동사,규,싸움을 ~,C
말리다,03,말리,동사,규,빨래를 ~,C
말씀드리다,,말씀드리,동사,규,,B
말씀하다,,말씀하,동사,여,,A
말하다,,말하,동사,여,,A
맑다,01,맑,형용사,규,,A
맛보다,01,맛보,동사,규,,C
맛없다,,맛없,형용사,규,,A
맛있다,,맛있,형용사,규,,A
망설이다,,망설이,동사,규,,C
망치다,,망치,동사,규,,C
망하다,,망하,동사,여,亡-,C
맞다,01,맞,동사,규,답이 ~,B
맞다,02,맞,동사,규,손님을 ~,B
맞다,03,맞,동사,규,매를 ~,B
맞서다,,맞서,동사,규,,B
맞이하다,,맞이하,동사,여,,C
맞추다,01,맞추,동사,규,,B
맡기다,,맡기,동사,규,,B
맡다,01,맡,동사,규,담임을 ~,B
맡다,02,맡,동사,규,냄새를 ~,C
매다,01,매,동사,규,끈을 ~,B
매달다,,매달,동사,ㄹ,,C
매달리다,,매달리,동사,규,,C
맵다,,맵,형용사,ㅂ,,A
맺다,,맺,동사,규,,C
머무르다,,머무르,동사,르,,B
머물다,,머물,동사,ㄹ,,C
먹고살다,,먹고살,동사,ㄹ,,C
먹다,01,먹,동사,규,귀를 ~,C
먹다,02,먹,동사,규,밥을 ~,A
먹이다,,먹이,동사,규,,B
먹히다,,먹히,동사,규,,B
멀다,02,멀,형용사,ㄹ,갈 길이 ~,A
멀어지다,,멀어지,동사,규,,B
멈추다,,멈추,동사,규,,B
멋있다,,멋있,형용사,규,,B
멋지다,,멋지,형용사,규,,C
멎다,01,멎,동사,규,,C
메다,02,메,동사,규,총을 ~,B
메우다,02,메우,동사,규,'메다'의 사동사,C
면하다,01,면하,동사,여,免-,C
명확하다,,명확하,형용사,여,明確-,C
모르다,,모르,동사,르,,A
모색하다,02,모색하,동사,여,摸索-,C
모시다,,모시,동사,규,,B
모여들다,,모여들,동사,ㄹ,,C
모으다,,모으,동사,으,,B
모이다,01,모이,동사,규,,B
모자라다,,모자라,동사,규,,B
모집하다,,모집하,동사,여,募集-,C
몰다,01,몰,동사,ㄹ,,B
몰려들다,,몰려들,동사,ㄹ,,C
몰려오다,,몰려오,동사,규,,C
못되다,,못되,형용사,규,,C
못생기다,,못생기,형용사,규,,C
못지않다,,못지않,형용사,규,,C
못하다,,못하,동사,여,,A
못하다,,못하,형용사,여,,A
묘사하다,,묘사하,동사,여,描寫-,C
무겁다,,무겁,형용사,ㅂ,,A
무관심하다,,무관심하,형용사,여,無關心-,C
무너지다,,무너지,동사,규,,C
무덥다,,무덥,형용사,ㅂ,,C
무리하다,,무리하,형용사,여,無理-,C
무사하다,04,무사하,형용사,여,無事-,C
무섭다,,무섭,형용사,ㅂ,,B
무시하다,,무시하,동사,여,無視-,B
무의미하다,,무의미하,형용사,여,無意味-,C
무책임하다,,무책임하,형용사,여,無責任-,C
묵다,01,묵,동사,규,오래된 상태,C
묵다,02,묵,동사,규,머무르다,C
묶다,,묶,동사,규,,B
묶이다,,묶이,동사,규,,C
문제되다,,문제되,동사,규,問題-,C
묻다,01,묻,동사,규,옷에 흙이 ~,B
묻다,02,묻,동사,규,시체를 ~,C
묻다,03,묻,동사,ㄷ,길을 ~,A
묻히다,01,묻히,동사,규,옷에 흙을 ~,C
묻히다,02,묻히,동사,규,땅에 ~,C
물다,02,물,동사,ㄹ,담배를 ~,B
물러나다,,물러나,동사,규,,C
물어보다,,물어보,동사,규,,A
미끄러지다,,미끄러지,동사,규,,C
미끄럽다,,미끄럽,형용사,ㅂ,,C
미루다,,미루,동사,규,,C
미안하다,,미안하,형용사,여,未安-,A
미워하다,,미워하,동사,여,,B
미치다,01,미치,동사,규,정신에 이상이 생기다,B
미치다,02,미치,동사,규,닿다,B
믿다,,믿,동사,규,,B
믿어지다,,믿어지,동사,규,,C
밀다,01,밀,동사,ㄹ,,B
밀리다,01,밀리,동사,규,방세가 ~,C
밀접하다,,밀접하,형용사,여,密接-,C
밉다,,밉,형용사,ㅂ,,B
바꾸다,,바꾸,동사,규,,A
바뀌다,,바뀌,동사,규,,B
바라다,01,바라,동사,규,,B
바라보다,,바라보,동사,규,,B
바람직하다,,바람직하,형용사,여,,C
바로잡다,,바로잡,동사,규,,C
바르다,01,바르,동사,르,벽지를 ~,B
바르다,03,바르,형용사,르,굽은 데가 없다,B
바쁘다,,바쁘,형용사,으,,A
바치다,01,바치,동사,규,드리다,C
박다,01,박,동사,규,,C
박히다,,박히,동사,규,,C
반갑다,,반갑,형용사,ㅂ,,A
반기다,,반기,동사,규,,C
반대하다,01,반대하,동사,여,反對-,B
반복되다,,반복되,동사,규,反復-,C
반복하다,01,반복하,동사,여,反復-,B
반성하다,01,반성하,동사,여,反省-,C
반영하다,,반영하,동사,여,反映-,C
반짝거리다,,반짝거리,동사,규,,C
반짝이다,,반짝이,동사,규,,C
반하다,03,반하,동사,여,反-,B
받다,01,받,동사,규,선물을 ~,A
받아들이다,,받아들이,동사,규,,B
발견되다,,발견되,동사,규,發見-,B
발견하다,01,발견하,동사,여,發見-,B
발달되다,,발달되,동사,규,發達-,C
발달하다,,발달하,동사,여,發達-,B
발생하다,,발생하,동사,여,發生-,B
발음하다,01,발음하,동사,여,發音-,B
발전되다,,발전되,동사,규,發展-,C
발전하다,01,발전하,동사,여,發展-,B
발표되다,,발표되,동사,규,發表-,C
발표하다,,발표하,동사,여,發表-,B
발휘하다,,발휘하,동사,여,發揮-,C
밝다,,밝,동사,규,,B
밝다,,밝,형용사,규,,A
밝아지다,,밝아지,동사,규,,C
밝혀내다,,밝혀내,동사,규,,C
밝혀지다,,밝혀지,동사,규,,C
밝히다,,밝히,동사,규,,B
밟다,,밟,동사,규,,B
밤늦다,,밤늦,형용사,규,,B
밤새다,,밤새,동사,규,,B
밤새우다,,밤새우,동사,규,,C
방문하다,,방문하,동사,여,訪問-,B
방송하다,01,방송하,동사,여,放送-,C
방지하다,01,방지하,동사,여,防止-,C
방해하다,,방해하,동사,여,妨害-,C
배고프다,,배고프,형용사,으,,A
배다,01,배,동사,규,땀이 ~,C
배부르다,,배부르,형용사,르,,A
배우다,01,배우,동사,규,,A
뱉다,,뱉,동사,규,,C
버려지다,,버려지,동사,규,,C
버리다,01,버리,동사,규,,B
버티다,,버티,동사,규,,C
번거롭다,,번거롭,형용사,ㅂ,,C
번역하다,,번역하,동사,여,飜譯-,C
벌다,02,벌,동사,ㄹ,돈을 ~,B
벌리다,01,벌리,동사,규,입을 ~,B
벌어지다,01,벌어지,동사,규,틈이 ~,C
벌어지다,02,벌어지,동사,규,싸움이 ~,B
벌이다,,벌이,동사,규,,B
벗기다,02,벗기,동사,규,,B
벗다,,벗,동사,규,,A
베다,02,베,동사,규,목을 ~,C
변하다,,변하,동사,여,變-,B
변화되다,,변화되,동사,규,變化-,C
변화하다,,변화하,동사,여,變化-,B
별다르다,,별다르,형용사,르,別-,C
병들다,,병들,동사,ㄹ,病-,B
보고하다,02,보고하,동사,여,報告-,C
보관하다,,보관하,동사,여,保管-,B
보내다,,보내,동사,규,,A
보내오다,,보내오,동사,규,,C
보다,01,보,동사,규,,A
보도되다,,보도되,동사,규,報道-,C
보도하다,02,보도하,동사,여,報道-,C
보살피다,,보살피,동사,규,,C
보완하다,,보완하,동사,여,補完-,C
보이다,01,보이,동사,규,'보다'의 피동사,B
보이다,02,보이,동사,규,'보다'의 사동사,B
보장되다,,보장되,동사,규,保障-,C
보장하다,01,보장하,동사,여,保障-,C
보존하다,,보존하,동사,여,保存-,C
보충하다,,보충하,동사,여,補充-,C
보호되다,,보호되,동사,규,保護-,C
보호하다,,보호하,동사,여,保護-,C
복사하다,03,복사하,동사,여,複寫-,B
복습하다,,복습하,동사,여,復習-,B
복잡하다,,복잡하,형용사,여,複雜-,A
볶다,,볶,동사,규,,B
봉사하다,01,봉사하,동사,여,奉仕-,C
뵈다,01,뵈,동사,규,보이다,B
뵈다,02,뵈,동사,규,웃어른을 보다,B
뵙다,,뵙,동사,ㅂ,,B
부끄럽다,,부끄럽,형용사,ㅂ,,B
부담하다,01,부담하,동사,여,負擔-,C
부드럽다,,부드럽,형용사,ㅂ,,B
부딪치다,,부딪치,동사,규,,B
부딪히다,,부딪히,동사,규,,C
부러워하다,,부러워하,동사,여,,B
부러지다,,부러지,동사,규,,C
부럽다,,부럽,형용사,ㅂ,,B
부르다,01,부르,동사,르,이름을 ~,A
부르다,02,부르,형용사,르,배가 ~,B
부서지다,,부서지,동사,규,,C
부정하다,06,부정하,동사,여,否定-,C
부족하다,,부족하,형용사,여,不足-,B
부지런하다,,부지런하,형용사,여,,B
부치다,02,부치,동사,규,편지를 ~,B
부탁하다,,부탁하,동사,여,付託-,B
분리되다,,분리되,동사,규,分離-,C
분리하다,03,분리하,동사,여,分離-,C
분명하다,01,분명하,형용사,여,分明-,C
분명해지다,,분명해지,동사,규,分明-,C
분석하다,02,분석하,동사,여,分析-,B
분주하다,05,분주하,형용사,여,奔走-,C
분포하다,02,분포하,동사,여,分布-,C
불가능하다,,불가능하,형용사,여,不可能-,B
불가피하다,,불가피하,형용사,여,不可避-,C
불과하다,,불과하,형용사,여,不過-,C
불구하다,02,불구하,동사,여,不拘-,C
불다,01,불,동사,ㄹ,바람이 ~,A
불러일으키다,,불러일으키,동사,규,,C
불리다,04,불리,동사,규,'부르다'의 피동사,B
불리다,07,불리,동사,규,물에 ~,C
불리하다,,불리하,형용사,여,不利-,C
불쌍하다,,불쌍하,형용사,여,,B
불안하다,,불안하,형용사,여,不安-,B
불어오다,,불어오,동사,규,,C
불완전하다,,불완전하,형용사,여,不完全-,C
불편하다,01,불편하,형용사,여,不便-,B
불평등하다,,불평등하,형용사,여,不平等-,C
불필요하다,,불필요하,형용사,여,不必要-,C
불행하다,,불행하,형용사,여,不幸-,B
불확실하다,,불확실하,형용사,여,不確實-,C
붉다,01,붉,형용사,규,,B
붐비다,,붐비,동사,규,,C
붓다,01,붓,동사,ㅅ,얼굴이 ~,C
붓다,02,붓,동사,ㅅ,물을 ~,B
붙다,,붙,동사,규,,B
붙들다,,붙들,동사,ㄹ,,C
붙이다,,붙이,동사,규,,B
붙잡다,,붙잡,동사,규,,C
붙잡히다,,붙잡히,동사,규,,C
비교하다,,비교하,동사,여,比較-,B
비기다,01,비기,동사,규,,C
비다,01,비,동사,규,,C
비롯되다,,비롯되,동사,규,,C
비롯하다,,비롯하,동사,여,,C
비비다,,비비,동사,규,,C
비슷하다,02,비슷하,형용사,여,,A
비싸다,,비싸,형용사,규,,A
비우다,01,비우,동사,규,,C
비웃다,,비웃,동사,규,,C
비추다,,비추,동사,규,,C
비치다,01,비치,동사,규,,C
비키다,,비키,동사,규,,B
비판하다,,비판하,동사,여,批判-,B
비하다,,비하,동사,여,比-,C
빌다,01,빌,동사,ㄹ,소원을 ~,B
빌리다,,빌리,동사,규,,B
빛나다,,빛나,동사,규,,C
빠뜨리다,,빠뜨리,동사,규,,C
빠르다,,빠르,형용사,르,,A
빠져나가다,,빠져나가,동사,규,,C
빠져나오다,,빠져나오,동사,규,,C
빠지다,01,빠지,동사,규,머리가 ~,B
빠지다,02,빠지,동사,규,물에 ~,B
빨갛다,,빨갛,형용사,ㅎ,,B
빨다,01,빨,동사,ㄹ,젖을 ~,C
빨다,02,빨,동사,ㄹ,옷을 ~,B
빼놓다,,빼놓,동사,규,,C
빼다,01,빼,동사,규,가시를 ~,B
빼앗기다,,빼앗기,동사,규,,C
빼앗다,,빼앗,동사,규,,C
뺏다,,뺏,동사,규,,C
뻔하다,02,뻔하,형용사,여,,C
뻗다,,뻗,동사,규,,B
뽑다,,뽑,동사,규,,B
뽑히다,,뽑히,동사,규,,C
뿌리다,,뿌리,동사,규,,B
뿌리치다,,뿌리치,동사,규,,C
사과하다,02,사과하,동사,여,謝過-,B
사귀다,,사귀,동사,규,,C
사다,,사,동사,규,,A
사들이다,,사들이,동사,규,,C
사라지다,,사라지,동사,규,,B
사랑스럽다,,사랑스럽,형용사,ㅂ,,B
사랑하다,,사랑하,동사,여,,A
사망하다,01,사망하,동사,여,死亡-,C
사소하다,01,사소하,형용사,여,些少-,C
사용되다,,사용되,동사,규,使用-,B
사용하다,03,사용하,동사,여,使用-,A
사이좋다,,사이좋,형용사,규,,B
살다,01,살,동사,ㄹ,,A
살리다,,살리,동사,규,,B
살아가다,,살아가,동사,규,,C
살아나다,,살아나,동사,규,,C
살아남다,,살아남,동사,규,,C
살아오다,,살아오,동사,규,,C
살펴보다,,살펴보,동사,규,,B
살피다,01,살피,동사,규,,C
삶다,,삶,동사,규,,B
삼가다,,삼가,동사,규,,C
삼다,02,삼,동사,규,친구로 ~,C
삼키다,,삼키,동사,규,,C
상관없다,,상관없,형용사,규,相關-,C
상당하다,02,상당하,형용사,여,相當-,C
상상하다,03,상상하,동사,여,想像-,B
상징하다,,상징하,동사,여,象徵-,C
상쾌하다,,상쾌하,형용사,여,爽快-,C
상하다,02,상하,동사,여,傷-,B
새기다,01,새기,동사,규,문신을 ~,C
새다,01,새,동사,규,비가 ~,C
새롭다,,새롭,형용사,ㅂ,,C
새우다,01,새우,동사,규,밤을 ~,C
색다르다,,색다르,형용사,르,色-,C
생각나다,,생각나,동사,규,,B
생각되다,,생각되,동사,규,,B
생각하다,,생각하,동사,여,,A
생겨나다,,생겨나,동사,규,,B
생기다,,생기,동사,규,,A
생산되다,,생산되,동사,규,生産-,C
생산하다,,생산하,동사,여,生産-,C
생활하다,,생활하,동사,여,生活-,B
서늘하다,,서늘하,형용사,여,,C
서다,01,서,동사,규,,A
서두르다,,서두르,동사,르,,B
서명하다,01,서명하,동사,여,署名-,C
서투르다,,서투르,형용사,르,,B
서툴다,,서툴,형용사,ㄹ,,C
섞다,,섞,동사,규,,B
섞이다,,섞이,동사,규,,B
선명하다,02,선명하,형용사,여,鮮明-,C
선물하다,,선물하,동사,여,膳物-,A
선언하다,,선언하,동사,여,宣言-,C
선정하다,03,선정하,동사,여,選定-,C
선택하다,,선택하,동사,여,選擇-,B
선호하다,01,선호하,동사,여,選好-,C
설득하다,,설득하,동사,여,說得-,C
설립하다,,설립하,동사,여,設立-,C
설명되다,,설명되,동사,규,說明-,C
설명하다,,설명하,동사,여,說明-,A
설치되다,01,설치되,동사,규,設置-,C
설치하다,01,설치하,동사,여,設置-,C
섭섭하다,01,섭섭하,형용사,여,,C
성공하다,,성공하,동사,여,成功-,B
성립되다,,성립되,동사,규,成立-,C
성립하다,,성립하,동사,여,成立-,C
성숙하다,,성숙하,동사,여,成熟-,C
성실하다,02,성실하,형용사,여,誠實-,C
성장하다,01,성장하,동사,여,成長-,C
세다,02,세,동사,규,돈을 ~,C
세다,03,세,형용사,규,기운이 ~,B
세련되다,,세련되,형용사,규,洗練-,C
세우다,01,세우,동사,규,,B
세워지다,,세워지,동사,규,,B
섹시하다,,섹시하,형용사,여,sexy-,C
소개되다,,소개되,동사,규,紹介-,B
소개하다,01,소개하,동사,여,紹介-,A
소리치다,,소리치,동사,규,,B
소문나다,,소문나,동사,규,所聞-,B
소박하다,01,소박하,형용사,여,素朴-,C
소비하다,,소비하,동사,여,消費-,C
소요되다,,소요되,동사,규,所要-,C
소용없다,,소용없,형용사,규,所用-,B
소유하다,01,소유하,동사,여,所有-,C
소중하다,,소중하,형용사,여,所重-,C
소화하다,01,소화하,동사,여,消化-,C
속삭이다,,속삭이,동사,규,,C
속상하다,02,속상하,형용사,여,-傷-,C
속이다,,속이,동사,규,,C
속하다,02,속하,동사,여,屬-,B
손쉽다,,손쉽,형용사,ㅂ,,C
손잡다,,손잡,동사,규,,C
손질하다,,손질하,동사,여,,C
솔직하다,,솔직하,형용사,여,率直-,B
솟다,01,솟,동사,규,,C
수고하다,01,수고하,동사,여,,B
수리하다,02,수리하,동사,여,修理-,C
수많다,,수많,형용사,규,數-,B
수입되다,02,수입되,동사,규,輸入-,C
수입하다,02,수입하,동사,여,輸入-,B
수집하다,02,수집하,동사,여,蒐集-,C
수출하다,03,수출하,동사,여,輸出-,B
수행하다,02,수행하,동사,여,遂行-,C
숙이다,,숙이,동사,규,,B
순수하다,02,순수하,형용사,여,純粹-,B
순진하다,01,순진하,형용사,여,純眞-,C
순하다,02,순하,형용사,여,順-,C
숨기다,,숨기,동사,규,,C
숨다,01,숨,동사,규,,B
숨지다,,숨지,동사,규,,C
쉬다,03,쉬,동사,규,편안히 ~,A
쉬다,04,쉬,동사,규,숨을 ~,B
쉽다,,쉽,형용사,ㅂ,,A
스치다,01,스치,동사,규,살짝 닿다,C
슬퍼하다,,슬퍼하,동사,여,,B
슬프다,,슬프,형용사,으,,A
승리하다,,승리하,동사,여,勝利-,C
시끄럽다,,시끄럽,형용사,ㅂ,,B
시도하다,03,시도하,동사,여,試圖-,B
시들다,,시들,동사,ㄹ,,C
시원하다,,시원하,형용사,여,,A
시작되다,01,시작되,동사,규,始作-,A
시작하다,01,시작하,동사,여,始作-,A
시집가다,,시집가,동사,규,媤-,C
시키다,01,시키,동사,규,,B
식다,01,식,동사,규,,B
식사하다,02,식사하,동사,여,食事-,A
식히다,,식히,동사,규,,C
신고하다,01,신고하,동사,여,申告-,C
신기하다,01,신기하,형용사,여,神奇-,C
신기하다,04,신기하,형용사,여,新奇-,C
신다,,신,동사,규,,A
신선하다,03,신선하,형용사,여,新鮮-,B
신속하다,02,신속하,형용사,여,迅速-,C
신중하다,,신중하,형용사,여,愼重-,C
신청하다,01,신청하,동사,여,申請-,C
싣다,01,싣,동사,ㄷ,,B
실례하다,,실례하,동사,여,失禮-,A
실리다,01,실리,동사,규,'싣다'의 피동사,C
실망하다,02,실망하,동사,여,失望-,C
실수하다,,실수하,동사,여,失手-,B
실시되다,,실시되,동사,규,實施-,C
실시하다,03,실시하,동사,여,實施-,C
실천하다,01,실천하,동사,여,實踐-,C
실패하다,01,실패하,동사,여,失敗-,B
실현되다,,실현되,동사,규,實現-,C
실현하다,,실현하,동사,여,實現-,C
싫다,01,싫,형용사,규,,A
싫어지다,,싫어지,동사,규,,B
싫어하다,,싫어하,동사,여,,A
심각하다,02,심각하,형용사,여,深刻-,B
심각해지다,,심각해지,동사,규,深刻-,C
심다,01,심,동사,규,,B
심심하다,01,심심하,형용사,여,지루하다,C
심하다,,심하,형용사,여,甚-,B
심해지다,,심해지,동사,규,甚-,B
싱겁다,,싱겁,형용사,ㅂ,,B
싱싱하다,,싱싱하,형용사,여,,C
싸다,01,싸,동사,규,보자기에 ~,B
싸다,05,싸,형용사,규,집값이 ~,A
싸우다,,싸우,동사,규,,A
쌓다,,쌓,동사,규,,B
쌓이다,,쌓이,동사,규,,B
썩다,,썩,동사,규,,B
썰다,01,썰,동사,ㄹ,,B
썰렁하다,,썰렁하,형용사,여,,C
쏘다,01,쏘,동사,규,,B
쏟다,,쏟,동사,규,,B
쏟아지다,,쏟아지,동사,규,,B
쓰다,01,쓰,동사,으,글씨를 ~,A
쓰다,02,쓰,동사,으,모자를 ~,A
쓰다,03,쓰,동사,으,약을 ~,A
쓰다,06,쓰,형용사,으,나물이 ~,B
쓰다듬다,,쓰다듬,동사,규,,C
쓰러지다,,쓰러지,동사,규,,C
쓰이다,01,쓰이,동사,규,글이 ~,B
쓰이다,03,쓰이,동사,규,농사에 기계가 ~,C
쓸다,02,쓸,동사,ㄹ,마당을 ~,C
쓸데없다,,쓸데없,형용사,규,,C
쓸쓸하다,,쓸쓸하,형용사,여,,C
씌우다,01,씌우,동사,규,아이에게 모자를 ~,C
씩씩하다,02,씩씩하,형용사,여,,B
씹다,01,씹,동사,규,,B
씻기다,01,씻기,동사,규,비에 ~,C
씻기다,02,씻기,동사,규,아이를 ~,C
씻다,,씻,동사,규,,A
아깝다,,아깝,형용사,ㅂ,,C
아끼다,,아끼,동사,규,,C
아니다,,아니,형용사,규,,A
아름답다,,아름답,형용사,ㅂ,,A
아무렇다,,아무렇,형용사,ㅎ,,B
아쉽다,,아쉽,형용사,ㅂ,,C
아프다,,아프,형용사,으,,A
안기다,01,안기,동사,규,'안다'의 피동사,C
안기다,02,안기,동사,규,'안다'의 사동사,C
안내하다,,안내하,동사,여,案內-,B
안녕하다,,안녕하,형용사,여,安寧-,A
안다,01,안,동사,규,,A
안되다,01,안되,동사,규,공부가 ~,A
안되다,02,안되,형용사,규,마음이 언짢다,B
안심하다,,안심하,동사,여,安心-,C
안전하다,,안전하,형용사,여,安全-,B
안정되다,,안정되,동사,규,安定-,C
안타깝다,,안타깝,형용사,ㅂ,,B
앉다,,앉,동사,규,,A
앉히다,,앉히,동사,규,,C
않다,,않,동사,규,,A
알다,,알,동사,ㄹ,,A
알려지다,,알려지,동사,규,,B
알리다,,알리,동사,규,,B
알맞다,,알맞,형용사,규,,B
알아내다,,알아내,동사,규,,C
알아듣다,,알아듣,동사,ㄷ,,B
알아보다,,알아보,동사,규,,C
알아주다,,알아주,동사,규,,C
앓다,,앓,동사,규,,B
앞두다,,앞두,동사,규,,C
앞서다,,앞서,동사,규,,B
앞세우다,,앞세우,동사,규,,C
앞장서다,,앞장서,동사,규,,C
애쓰다,,애쓰,동사,으,,C
야하다,01,야하,형용사,여,冶-,C
약속하다,,약속하,동사,여,約束-,A
약하다,01,약하,형용사,여,弱-,B
약해지다,,약해지,동사,규,弱-,C
얄밉다,,얄밉,형용사,ㅂ,,C
얇다,,얇,형용사,규,,B
양보하다,,양보하,동사,여,讓步-,B
얕다,,얕,형용사,규,,B
얘기하다,,얘기하,동사,여,,A
어기다,01,어기,동사,규,,C
어두워지다,,어두워지,동사,규,,B
어둡다,,어둡,형용사,ㅂ,,B
어떠하다,,어떠하,형용사,여,,A
어떻다,,어떻,형용사,ㅎ,,A
어려워지다,,어려워지,동사,규,,C
어렵다,,어렵,형용사,ㅂ,,A
어리다,01,어리,동사,규,눈물이 ~,B
어리다,03,어리,형용사,규,나이가 적다,B
어리석다,,어리석,형용사,규,,C
어색하다,02,어색하,형용사,여,語塞-,B
어울리다,,어울리,동사,규,,B
어지럽다,,어지럽,형용사,ㅂ,,C
어쩌다,01,어쩌,동사,규,,B
어찌하다,,어찌하,동사,여,,C
억울하다,,억울하,형용사,여,抑鬱-,C
얹다,,얹,동사,규,,B
얻다,01,얻,동사,규,,B
얻어먹다,,얻어먹,동사,규,,C
얼다,01,얼,동사,ㄹ,,B
얼리다,03,얼리,동사,규,물을 ~,C
엄격하다,02,엄격하,형용사,여,嚴格-,C
엄숙하다,,엄숙하,형용사,여,嚴肅-,C
엄청나다,,엄청나,형용사,규,,C
업다,,업,동사,규,,C
없다,01,없,형용사,규,,A
없애다,,없애,동사,규,,B
없어지다,,없어지,동사,규,,B
엇갈리다,,엇갈리,동사,규,,C
엉뚱하다,,엉뚱하,형용사,여,,B
엎드리다,,엎드리,동사,규,,C
여겨지다,,여겨지,동사,규,,C
여기다,,여기,동사,규,,C
여전하다,,여전하,형용사,여,如前-,C
여쭈다,,여쭈,동사,규,,B
여행하다,01,여행하,동사,여,旅行-,A
연결되다,,연결되,동사,규,連結-,B
연결하다,01,연결하,동사,여,連結-,B
연구하다,02,연구하,동사,여,硏究-,B
연기되다,01,연기되,동사,규,延期-,C
연기하다,01,연기하,동사,여,延期-,C
연락하다,02,연락하,동사,여,連絡-,B
연상하다,02,연상하,동사,여,聯想-,C
연습하다,03,연습하,동사,여,練習-,A
연출하다,,연출하,동사,여,演出-,C
연하다,01,연하,형용사,여,軟-,B
열다,02,열,동사,ㄹ,문을 ~,A
열리다,01,열리,동사,규,열매가 ~,B
열리다,02,열리,동사,규,문이 ~,B
열중하다,,열중하,동사,여,熱中-,C
엷다,01,엷,형용사,규,,C
염려하다,01,염려하,동사,여,念慮-,B
엿보다,,엿보,동사,규,,C
영원하다,,영원하,형용사,여,永遠-,B
예고하다,,예고하,동사,여,豫告-,C
예매하다,01,예매하,동사,여,豫買-,B
예방하다,01,예방하,동사,여,豫防-,C
예쁘다,,예쁘,형용사,으,,A
예상되다,,예상되,동사,규,豫想-,C
예상하다,,예상하,동사,여,豫想-,C
예습하다,,예습하,동사,여,豫習-,C
예약하다,,예약하,동사,여,豫約-,C
예정되다,,예정되,동사,규,豫定-,C
예측하다,,예측하,동사,여,豫測-,C
오가다,,오가,동사,규,,B
오다,01,오,동사,규,,A
오래되다,,오래되,동사,규,,B
오르내리다,,오르내리,동사,규,,C
오르다,,오르,동사,르,,A
오염되다,,오염되,동사,규,汚染-,C
올라가다,,올라가,동사,규,,A
올라서다,,올라서,동사,규,,C
올라오다,,올라오,동사,규,,B
올라타다,,올라타,동사,규,,C
올려놓다,,올려놓,동사,규,,B
올려다보다,,올려다보,동사,규,,C
올리다,01,올리,동사,규,,C
올바르다,,올바르,형용사,르,,C
옮기다,,옮기,동사,규,,B
옳다,01,옳,형용사,규,,B
완벽하다,,완벽하,형용사,여,完璧-,B
완성되다,,완성되,동사,규,完成-,C
완성하다,01,완성하,동사,여,完成-,C
완전하다,01,완전하,형용사,여,完全-,C
외다,02,외,동사,규,주문을 ~,C
외롭다,,외롭,형용사,ㅂ,,B
외면하다,,외면하,동사,여,外面-,C
외우다,01,외우,동사,규,,B
외출하다,,외출하,동사,여,外出-,B
외치다,01,외치,동사,규,,C
요구되다,,요구되,동사,규,要求-,C
요구하다,,요구하,동사,여,要求-,B
요리하다,02,요리하,동사,여,料理-,A
요약하다,02,요약하,동사,여,要約-,C
요청하다,,요청하,동사,여,要請-,C
욕하다,,욕하,동사,여,辱-,C
용감하다,,용감하,형용사,여,勇敢-,C
용서하다,,용서하,동사,여,容恕-,C
우수하다,02,우수하,형용사,여,優秀-,B
우습다,,우습,형용사,ㅂ,,C
우승하다,,우승하,동사,여,優勝-,B
우아하다,,우아하,형용사,여,優雅-,C
우울하다,,우울하,형용사,여,憂鬱-,B
운동하다,,운동하,동사,여,運動-,A
운영하다,,운영하,동사,여,運營-,C
운전하다,,운전하,동사,여,運轉-,A
울다,01,울,동사,ㄹ,울음을 ~,A
울리다,01,울리,동사,규,종이 ~,B
울리다,02,울리,동사,규,아기를 ~,C
움직이다,,움직이,동사,규,,B
웃기다,,웃기,동사,규,,B
웃다,,웃,동사,규,,A
원하다,02,원하,동사,여,願-,B
웬만하다,,웬만하,형용사,여,,C
위대하다,01,위대하,형용사,여,偉大-,C
위로하다,,위로하,동사,여,慰勞-,C
위반하다,02,위반하,동사,여,違反-,C
위치하다,,위치하,동사,여,位置-,B
위하다,01,위하,동사,여,爲-,B
위험하다,,위험하,형용사,여,危險-,A
유능하다,,유능하,형용사,여,有能-,C
유리하다,01,유리하,형용사,여,有利-,C
유명하다,01,유명하,형용사,여,有名-,A
유발하다,,유발하,동사,여,誘發-,C
유사하다,03,유사하,형용사,여,類似-,C
유의하다,02,유의하,동사,여,留意-,C
유지되다,,유지되,동사,규,維持-,C
유지하다,02,유지하,동사,여,維持-,C
유행하다,01,유행하,동사,여,流行-,B
은은하다,02,은은하,형용사,여,隱隱-,C
응답하다,,응답하,동사,여,應答-,C
의논하다,,의논하,동사,여,議論-,C
의미하다,02,의미하,동사,여,意味-,B
의식하다,02,의식하,동사,여,意識-,C
의심하다,,의심하,동사,여,疑心-,B
의존하다,,의존하,동사,여,依存-,C
의지하다,,의지하,동사,여,依支-,C
의하다,01,의하,동사,여,依-,B
이기다,01,이기,동사,규,적에게 ~,B
이끌다,,이끌,동사,ㄹ,,C
이동하다,,이동하,동사,여,移動-,C
이러다,,이러,동사,규,,C
이러하다,,이러하,형용사,여,,B
이렇다,,이렇,형용사,ㅎ,,A
이롭다,02,이롭,형용사,ㅂ,利-,C
이루다,01,이루,동사,규,,B
이루어지다,,이루어지,동사,규,,B
이룩하다,,이룩하,동사,여,,C
이뤄지다,,이뤄지,동사,규,,B
이르다,01,이르,동사,러,도착하다,B
이르다,02,이르,동사,러,말하다,C
이르다,03,이르,형용사,르,빠르다,B
이사하다,01,이사하,동사,여,移徙-,B
이상하다,,이상하,형용사,여,異常-,B
이야기하다,,이야기하,동사,여,,A
이어지다,,이어지,동사,규,,C
이용되다,,이용되,동사,규,利用-,B
이용하다,01,이용하,동사,여,利用-,B
이해되다,,이해되,동사,규,理解-,C
이해하다,02,이해하,동사,여,理解-,A
이혼하다,,이혼하,동사,여,離婚-,B
익다,01,익,동사,규,감이 ~,B
익다,02,익,형용사,규,손에 ~,C
익숙하다,,익숙하,형용사,여,,B
익숙해지다,,익숙해지,동사,규,,B
익히다,01,익히,동사,규,고기를 ~,C
익히다,02,익히,동사,규,기술을 ~,C
인사하다,,인사하,동사,여,人事-,A
인식하다,,인식하,동사,여,認識-,C
인정되다,,인정되,동사,규,認定-,C
인정받다,,인정받,동사,규,認定-,C
인정하다,,인정하,동사,여,認定-,C
인하다,01,인하,동사,여,因-,C
일어나다,,일어나,동사,규,,A
일어서다,,일어서,동사,규,,C
일으키다,,일으키,동사,규,,B
일정하다,,일정하,형용사,여,一定-,C
일치하다,,일치하,동사,여,一致-,C
일하다,,일하,동사,여,,A
읽다,,읽,동사,규,,A
읽히다,01,읽히,동사,규,'읽다'의 피동사,B
잃다,,잃,동사,규,,A
잃어버리다,,잃어버리,동사,규,,A
임신하다,,임신하,동사,여,妊娠-,C
입다,01,입,동사,규,옷을 ~,A
입력하다,,입력하,동사,여,入力-,C
입사하다,04,입사하,동사,여,入社-,C
입원하다,01,입원하,동사,여,入院-,B
입학하다,,입학하,동사,여,入學-,B
입히다,,입히,동사,규,,C
잇다,01,잇,동사,ㅅ,,C
잇따르다,,잇따르,동사,규,,C
있다,01,있,동사,규,,A
있다,01,있,형용사,규,,A
잊다,01,잊,동사,규,,A
잊어버리다,,잊어버리,동사,규,,A
잊혀지다,,잊혀지,동사,규,,C
자극하다,,자극하,동사,여,刺戟-,C
자다,01,자,동사,규,,A
자라나다,,자라나,동사,규,,B
자라다,01,자라,동사,규,커지다,B
자랑스럽다,,자랑스럽,형용사,ㅂ,,B
자랑하다,01,자랑하,동사,여,,B
자르다,01,자르,동사,르,,B
자살하다,01,자살하,동사,여,自殺-,C
자세하다,01,자세하,형용사,여,仔細-,C
자연스럽다,,자연스럽,형용사,ㅂ,自然-,B
자유롭다,,자유롭,형용사,ㅂ,自由-,B
작다,01,작,형용사,규,,A
작성하다,,작성하,동사,여,作成-,C
작아지다,,작아지,동사,규,,B
작용하다,01,작용하,동사,여,作用-,C
잘나다,,잘나,형용사,규,,C
잘되다,,잘되,동사,규,,B
잘리다,01,잘리,동사,규,,C
잘못되다,,잘못되,동사,규,,B
잘못하다,,잘못하,동사,여,,B
잘살다,,잘살,동사,ㄹ,,B
잘생기다,,잘생기,형용사,규,,B
잘하다,,잘하,동사,여,,A
잠그다,01,잠그,동사,으,서랍을 ~,C
잠기다,02,잠기,동사,규,물에 ~,C
잠들다,,잠들,동사,ㄹ,,B
잠자다,,잠자,동사,규,,A
잡다,01,잡,동사,규,,A
잡수다,,잡수,동사,규,,C
잡수시다,,잡수시,동사,규,,A
잡아당기다,,잡아당기,동사,규,,C
잡아먹다,,잡아먹,동사,규,,C
잡히다,02,잡히,동사,규,'잡다'의 피동사,B
잦다,03,잦,형용사,규,왕래가 ~,C
재다,02,재,동사,규,저울로 ~,C
재미없다,,재미없,형용사,규,,A
재미있다,,재미있,형용사,규,,A
재밌다,,재밌,형용사,규,재미있다,C
재우다,01,재우,동사,규,고기를 양념에 ~,C
저러다,,저러,동사,규,,C
저렇다,,저렇,형용사,ㅎ,,B
저지르다,,저지르,동사,르,,C
적다,01,적,동사,규,답을 ~,A
적다,02,적,형용사,규,경험이 ~,A
적당하다,02,적당하,형용사,여,適當-,B
적어지다,,적어지,동사,규,,B
적용되다,,적용되,동사,규,適用-,C
적용하다,,적용하,동사,여,適用-,B
적응하다,02,적응하,동사,여,適應-,C
적절하다,,적절하,형용사,여,適切-,C
적합하다,,적합하,형용사,여,適合-,C
적히다,,적히,동사,규,,C
전개되다,,전개되,동사,규,展開-,C
전개하다,02,전개하,동사,여,展開-,C
전공하다,01,전공하,동사,여,專攻-,C
전달되다,,전달되,동사,규,傳達-,C
전달하다,02,전달하,동사,여,傳達-,B
전망하다,02,전망하,동사,여,展望-,C
전시되다,,전시되,동사,규,展示-,C
전시하다,01,전시하,동사,여,展示-,C
전하다,,전하,동사,여,傳-,B
전해지다,,전해지,동사,규,傳-,B
전화하다,02,전화하,동사,여,電話-,A
전환하다,02,전환하,동사,여,轉換-,C
절약하다,,절약하,동사,여,節約-,B
젊다,,젊,형용사,규,,B
점잖다,,점잖,형용사,규,,C
접근하다,,접근하,동사,여,接近-,C
접다,01,접,동사,규,,C
접하다,01,접하,동사,여,接-,C
젓다,01,젓,동사,ㅅ,,B
정리되다,,정리되,동사,규,整理-,C
정리하다,,정리하,동사,여,整理-,B
정직하다,01,정직하,형용사,여,正直-,C
정하다,03,정하,동사,여,定-,B
정해지다,,정해지,동사,규,定-,B
정확하다,01,정확하,형용사,여,正確-,B
젖다,01,젖,동사,규,,B
제거하다,,제거하,동사,여,除去-,C
제공하다,02,제공하,동사,여,提供-,B
제대하다,,제대하,동사,여,除隊-,C
제시되다,,제시되,동사,규,提示-,C
제시하다,01,제시하,동사,여,提示-,C
제안하다,02,제안하,동사,여,提案-,C
제외되다,,제외되,동사,규,除外-,C
제외하다,,제외하,동사,여,除外-,C
제의하다,,제의하,동사,여,提議-,C
제작하다,02,제작하,동사,여,製作-,C
제출하다,02,제출하,동사,여,提出-,B
제한되다,,제한되,동사,규,制限-,C
제한하다,,제한하,동사,여,制限-,C
조그마하다,,조그마하,형용사,여,,C
조그맣다,,조그맣,형용사,ㅎ,,B
조르다,02,조르,동사,르,요구하다,C
조사하다,12,조사하,동사,여,調査-,B
조심스럽다,,조심스럽,형용사,ㅂ,操心-,B
조심하다,02,조심하,동사,여,操心-,B
조용하다,01,조용하,형용사,여,,A
조절하다,02,조절하,동사,여,調節-,C
조정하다,06,조정하,동사,여,調整-,C
조화되다,,조화되,동사,규,調和-,C
존경하다,,존경하,동사,여,尊敬-,C
존재하다,,존재하,동사,여,存在-,C
존중하다,,존중하,동사,여,尊重-,C
졸다,01,졸,동사,ㄹ,,B
졸리다,01,졸리,동사,규,자고 싶다,C
졸업하다,,졸업하,동사,여,卒業-,A
좁다,01,좁,형용사,규,,B
좁히다,01,좁히,동사,규,,C
종합하다,,종합하,동사,여,綜合-,C
좋다,01,좋,형용사,규,,A
좋아지다,,좋아지,동사,규,,B
좋아하다,,좋아하,동사,여,,A
죄송하다,,죄송하,형용사,여,罪悚-,A
주고받다,,주고받,동사,규,,C
주다,01,주,동사,규,,A
주무시다,,주무시,동사,규,,B
주문하다,01,주문하,동사,여,注文-,B
주어지다,,주어지,동사,규,,C
주요하다,,주요하,형용사,여,主要-,C
주의하다,01,주의하,동사,여,注意-,C
주장하다,01,주장하,동사,여,主張-,B
주저앉다,,주저앉,동사,규,,C
주차하다,01,주차하,동사,여,駐車-,B
죽다,01,죽,동사,규,굶어 ~,A
죽이다,01,죽이,동사,규,굶겨 ~,B
준비되다,,준비되,동사,규,準備-,B
준비하다,,준비하,동사,여,準備-,A
줄다,,줄,동사,ㄹ,,B
줄어들다,,줄어들,동사,ㄹ,,C
줄이다,,줄이,동사,규,,B
줍다,01,줍,동사,ㅂ,,B
중단되다,,중단되,동사,규,中斷-,C
중단하다,,중단하,동사,여,中斷-,C
중대하다,01,중대하,형용사,여,重大-,C
중얼거리다,,중얼거리,동사,규,,C
중요시하다,,중요시하,동사,여,重要視-,C
중요하다,02,중요하,형용사,여,重要-,A
쥐다,01,쥐,동사,규,주먹을 ~,B
즐거워하다,,즐거워하,동사,여,,B
즐겁다,,즐겁,형용사,ㅂ,,A
즐기다,01,즐기,동사,규,,B
증가하다,01,증가하,동사,여,增加-,C
증명하다,,증명하,동사,여,證明-,C
지겹다,,지겹,형용사,ㅂ,,C
지급하다,01,지급하,동사,여,支給-,C
지나가다,,지나가,동사,규,,B
지나다,,지나,동사,규,,B
지나치다,,지나치,동사,규,,C
지나치다,,지나치,형용사,규,,B
지내다,01,지내,동사,규,,A
지니다,,지니,동사,규,,C
지다,02,지,동사,규,해가 ~,B
지다,03,지,동사,규,전쟁에 ~,B
지다,04,지,동사,규,그늘이 ~,C
지다,05,지,동사,규,등에 ~,B
지도하다,,지도하,동사,여,指導-,C
지루하다,01,지루하,형용사,여,,C
지르다,03,지르,동사,르,소리를 ~,B
지배하다,01,지배하,동사,여,支配-,C
지불하다,01,지불하,동사,여,支拂-,C
지속되다,,지속되,동사,규,持續-,C
지시하다,,지시하,동사,여,指示-,C
지우다,01,지우,동사,규,낙서를 ~,A
지우다,05,지우,동사,규,짐을 ~,C
지워지다,,지워지,동사,규,,C
지원하다,01,지원하,동사,여,支援-,C
지저분하다,,지저분하,형용사,여,,C
지적되다,,지적되,동사,규,指摘-,C
지적하다,,지적하,동사,여,指摘-,C
지치다,01,지치,동사,규,일에 ~,B
지켜보다,,지켜보,동사,규,,C
지키다,01,지키,동사,규,,B
진단하다,,진단하,동사,여,診斷-,C
진실하다,,진실하,형용사,여,眞實-,C
진지하다,,진지하,형용사,여,眞摯-,C
진출하다,02,진출하,동사,여,進出-,C
진하다,01,진하,형용사,여,津-,B
진행되다,,진행되,동사,규,進行-,B
진행하다,,진행하,동사,여,進行-,B
질문하다,,질문하,동사,여,質問-,A
짐작하다,,짐작하,동사,여,斟酌-,C
집다,01,집,동사,규,,B
집어넣다,,집어넣,동사,규,,C
집중되다,,집중되,동사,규,集中-,C
집중하다,02,집중하,동사,여,集中-,C
짓다,01,짓,동사,ㅅ,,B
짙다,02,짙,형용사,규,,B
짚다,01,짚,동사,규,,C
짜다,01,짜,동사,규,관을 ~,C
짜다,02,짜,동사,규,빨래를 ~,C
짜다,03,짜,형용사,규,음식이 ~,A
짜증스럽다,,짜증스럽,형용사,ㅂ,,C
짧다,,짧,형용사,규,,A
짧아지다,,짧아지,동사,규,,B
쩔쩔매다,,쩔쩔매,동사,규,,C
쫓겨나다,,쫓겨나,동사,규,,C
쫓기다,,쫓기,동사,규,,C
쫓다,,쫓,동사,규,,C
찌다,01,찌,동사,규,살이 ~,B
찌다,05,찌,동사,규,떡을 ~,C
찌르다,,찌르,동사,르,,B
찍다,02,찍,동사,규,서류에 도장을 ~,A
찍히다,02,찍히,동사,규,도장이 ~,C
찢다,,찢,동사,규,,C
찢어지다,,찢어지,동사,규,,C
차갑다,,차갑,형용사,ㅂ,,B
차다,01,차,동사,규,가득 ~,C
차다,02,차,동사,규,공을 ~,B
차다,03,차,동사,규,시계를 ~,C
차다,04,차,형용사,규,날씨가 ~,B
차리다,,차리,동사,규,,B
착각하다,,착각하,동사,여,錯覺-,C
착하다,,착하,형용사,여,,B
찬성하다,,찬성하,동사,여,贊成-,C
참가하다,01,참가하,동사,여,參加-,B
참고하다,,참고하,동사,여,參考-,C
참다,,참,동사,규,,B
참되다,,참되,형용사,규,,C
참석하다,,참석하,동사,여,參席-,B
참여하다,,참여하,동사,여,參與-,C
창조하다,,창조하,동사,여,創造-,C
창피하다,,창피하,형용사,여,猖披-,C
찾다,,찾,동사,규,,A
찾아가다,,찾아가,동사,규,,B
찾아내다,,찾아내,동사,규,,B
찾아다니다,,찾아다니,동사,규,,C
찾아보다,,찾아보,동사,규,,B
찾아오다,,찾아오,동사,규,,B
채우다,03,채우,동사,규,자리를 ~,B
책임지다,,책임지,동사,규,,C
챙기다,,챙기,동사,규,,B
철저하다,,철저하,형용사,여,徹底-,C
청소하다,03,청소하,동사,여,淸掃-,A
청하다,,청하,동사,여,請-,C
체험하다,,체험하,동사,여,體驗-,C
쳐다보다,,쳐다보,동사,규,,B
초대하다,02,초대하,동사,여,招待-,A
초조하다,,초조하,형용사,여,焦燥-,C
초청하다,,초청하,동사,여,招請-,C
촌스럽다,,촌스럽,형용사,ㅂ,村-,C
추가되다,,추가되,동사,규,追加-,C
추가하다,,추가하,동사,여,追加-,C
추다,02,추,동사,규,춤을 ~,A
추진하다,02,추진하,동사,여,推進-,C
추천하다,02,추천하,동사,여,推薦-,C
축하하다,,축하하,동사,여,祝賀-,A
출근하다,,출근하,동사,여,出勤-,B
출발하다,,출발하,동사,여,出發-,A
출석하다,,출석하,동사,여,出席-,C
출연하다,02,출연하,동사,여,出演-,B
출현하다,,출현하,동사,여,出現-,C
춤추다,,춤추,동사,규,,A
춥다,,춥,형용사,ㅂ,,A
충돌하다,,충돌하,동사,여,衝突-,C
충분하다,01,충분하,형용사,여,充分-,B
취소하다,01,취소하,동사,여,取消-,B
취하다,01,취하,동사,여,取-,B
취하다,03,취하,동사,여,醉-,B
치다,01,치,동사,규,폭풍우가 ~,C
치다,02,치,동사,규,얼굴을 ~,A
치다,05,치,동사,규,그물을 ~,C
치다,10,치,동사,규,셈을 맞추다,C
치료하다,,치료하,동사,여,治療-,B
치르다,,치르,동사,규,,C
치우다,01,치우,동사,규,,B
친절하다,,친절하,형용사,여,親切-,A
친하다,,친하,형용사,여,親-,B
친해지다,,친해지,동사,규,親-,C
칠하다,,칠하,동사,여,漆-,C
침착하다,02,침착하,형용사,여,沈着-,C
칭찬하다,,칭찬하,동사,여,稱讚-,C
캄캄하다,,캄캄하,형용사,여,,C
커다랗다,,커다랗,형용사,ㅎ,,B
커지다,,커지,동사,규,,B
켜다,01,켜,동사,규,성냥을 ~,A
켜지다,,켜지,동사,규,,B
크다,01,크,형용사,으,,A
크다,01,크,동사,으,,A
키우다,,키우,동사,규,,B
타고나다,,타고나,동사,규,,C
타다,01,타,동사,규,장작이 ~,C
타다,02,타,동사,규,버스에 ~,A
타다,03,타,동사,규,물에 ~,C
타다,04,타,동사,규,월급을 ~,C
타오르다,,타오르,동사,르,,C
탁월하다,,탁월하,형용사,여,卓越-,C
탄생하다,,탄생하,동사,여,誕生-,C
탈출하다,02,탈출하,동사,여,脫出-,C
태어나다,,태어나,동사,규,,A
태우다,01,태우,동사,규,쓰레기를 ~,B
태우다,02,태우,동사,규,차에 ~,B
택하다,,택하,동사,여,擇-,C
터뜨리다,,터뜨리,동사,규,,B
터지다,,터지,동사,규,,C
털다,,털,동사,ㄹ,,B
토론하다,,토론하,동사,여,討論-,C
토하다,,토하,동사,여,吐-,C
통과하다,,통과하,동사,여,通過-,C
통일하다,,통일하,동사,여,統一-,C
통하다,,통하,동사,여,通-,B
퇴근하다,,퇴근하,동사,여,退勤-,B
퇴원하다,,퇴원하,동사,여,退院-,C
투명하다,02,투명하,형용사,여,透明-,C
튀기다,01,튀기,동사,규,물방울을 ~,C
튀다,,튀,동사,규,,C
튀어나오다,,튀어나오,동사,규,,C
트이다,,트이,동사,규,,C
특별하다,,특별하,형용사,여,特別-,B
특이하다,,특이하,형용사,여,特異-,C
특정하다,,특정하,형용사,여,特定-,C
튼튼하다,,튼튼하,형용사,여,,B
틀다,,틀,동사,ㄹ,,B
틀리다,01,틀리,동사,규,답이 ~,B
틀림없다,,틀림없,형용사,규,,B
파괴하다,,파괴하,동사,여,破壞-,C
파다,01,파,동사,규,,C
파랗다,,파랗,형용사,ㅎ,,B
파악하다,,파악하,동사,여,把握-,C
판단하다,,판단하,동사,여,判斷-,C
판매되다,,판매되,동사,규,販賣-,C
판매하다,,판매하,동사,여,販賣-,B
팔다,,팔,동사,ㄹ,,A
팔리다,,팔리,동사,규,,B
퍼지다,,퍼지,동사,규,,C
펴내다,,펴내,동사,규,,C
펴다,,펴,동사,규,,B
편리하다,,편리하,형용사,여,便利-,B
편안하다,01,편안하,형용사,여,便安-,B
편하다,,편하,형용사,여,便-,B
펼쳐지다,,펼쳐지,동사,규,,B
평가되다,,평가되,동사,규,評價-,C
평가하다,,평가하,동사,여,評價-,C
평범하다,,평범하,형용사,여,平凡-,B
평화롭다,,평화롭,형용사,ㅂ,平和-,C
포근하다,,포근하,형용사,여,,C
포기하다,01,포기하,동사,여,抛棄-,B
포함되다,01,포함되,동사,규,包含-,B
포함하다,02,포함하,동사,여,包含-,B
폭넓다,,폭넓,형용사,규,幅-,C
표시하다,01,표시하,동사,여,表示-,B
표시하다,02,표시하,동사,여,標示-,C
표현되다,,표현되,동사,규,表現-,C
표현하다,,표현하,동사,여,表現-,B
푸다,01,푸,동사,우,,C
푸르다,,푸르,형용사,러,,B
풀다,,풀,동사,ㄹ,,B
풀리다,,풀리,동사,규,,B
풀어지다,,풀어지,동사,규,,C
품다,01,품,동사,규,가슴에 ~,C
풍부하다,,풍부하,형용사,여,豊富-,C
피곤하다,,피곤하,형용사,여,疲困-,A
피다,01,피,동사,규,꽃이 ~,B
피로하다,02,피로하,형용사,여,疲勞-,B
피우다,01,피우,동사,규,,A
피하다,,피하,동사,여,避-,C
필요하다,,필요하,형용사,여,必要-,A
하다,01,하,동사,여,,A
하얗다,,하얗,형용사,ㅎ,,B
한가하다,02,한가하,형용사,여,閑暇-,C
한잔하다,,한잔하,동사,여,-盞-,B
한정되다,,한정되,동사,규,限定-,C
한정하다,01,한정하,동사,여,限定-,C
한하다,02,한하,동사,여,限-,C
함께하다,,함께하,동사,여,,C
합격하다,,합격하,동사,여,合格-,C
합치다,,합치,동사,규,合-,B
합하다,,합하,동사,여,合-,C
해결되다,,해결되,동사,규,解決-,C
해결하다,,해결하,동사,여,解決-,B
해내다,,해내,동사,규,,C
해당되다,,해당되,동사,규,該當-,C
해당하다,04,해당하,동사,여,該當-,C
해롭다,,해롭,형용사,ㅂ,害-,C
해석하다,02,해석하,동사,여,解釋-,C
해소하다,01,해소하,동사,여,解消-,C
행동하다,,행동하,동사,여,行動-,B
행복하다,,행복하,형용사,여,幸福-,B
행하다,,행하,동사,여,行-,C
행해지다,,행해지,동사,규,行-,C
향상되다,,향상되,동사,규,向上-,C
향하다,,향하,동사,여,向-,B
허락하다,,허락하,동사,여,許諾-,C
허용되다,,허용되,동사,규,許容-,C
허용하다,,허용하,동사,여,許容-,B
헤매다,,헤매,동사,규,,C
헤아리다,,헤아리,동사,규,,C
헤어지다,,헤어지,동사,규,,B
형성되다,,형성되,동사,규,形成-,C
형성하다,,형성하,동사,여,形成-,C
혼나다,,혼나,동사,규,魂-,C
화나다,,화나,동사,규,火-,B
화려하다,,화려하,형용사,여,華麗-,B
확대되다,02,확대되,동사,규,擴大-,B
확대하다,02,확대하,동사,여,擴大-,B
확립하다,,확립하,동사,여,確立-,C
확산되다,,확산되,동사,규,擴散-,C
확신하다,,확신하,동사,여,確信-,C
확실하다,,확실하,형용사,여,確實-,B
확인되다,,확인되,동사,규,確認-,C
확인하다,,확인하,동사,여,確認-,B
환영하다,,환영하,동사,여,歡迎-,C
환하다,01,환하,형용사,여,,C
활동하다,01,활동하,동사,여,活動-,B
활발하다,,활발하,형용사,여,活潑-,B
활발해지다,,활발해지,동사,규,活潑-,C
활용하다,,활용하,동사,여,活用-,B
회복되다,,회복되,동사,규,回復-,C
회복하다,,회복하,동사,여,回復-,B
효도하다,,효도하,동사,여,孝道-,C
후회하다,,후회하,동사,여,後悔-,B
훌륭하다,,훌륭하,형용사,여,,B
훔치다,02,훔치,동사,규,물건을 ~,C
흐려지다,,흐려지,동사,규,,C
흐르다,01,흐르,동사,르,,B
흐리다,01,흐리,동사,규,물을 ~,C
흐리다,02,흐리,형용사,규,날이 ~,B
흔들다,,흔들,동사,ㄹ,,B
흔들리다,,흔들리,동사,규,,C
흔하다,,흔하,형용사,여,,C
흘러가다,,흘러가,동사,규,,B
흘러나오다,,흘러나오,동사,규,,B
흘러내리다,,흘러내리,동사,규,,C
흘리다,,흘리,동사,규,,B
흥미롭다,,흥미롭,형용사,ㅂ,興味-,C
흥분하다,,흥분하,동사,여,興奮-,C
흩어지다,,흩어지,동사,규,,C
희다,,희,형용사,규,,B
희망하다,,희망하,동사,여,希望-,C
희생하다,,희생하,동사,여,犧牲-,C
힘겹다,,힘겹,형용사,ㅂ,,C
힘들다,,힘들,형용사,ㄹ,,A
힘들어하다,,힘들어하,동사,여,,C
힘쓰다,,힘쓰,동사,으,,C
힘차다,,힘차,형용사,규,,C
